round,delta_norm,theta_norm,relative_delta,applied_change,cumulative_drift,logits_diff,pred_change,entropy,entropy_before,loss_before,loss_after,loss,nan_count,inf_count,parameter_changed,hidden_mean,hidden_std,modulation_strength
1,1.2245777249336243,13.895504707470536,0.08812761757946537,0.2938986481167376,0.2938986481167376,0.0013156677596271038,0.0,4.897723197937012,4.897624492645264,3.962071180343628,3.962073564529419,3.962073564529419,0,0,True,0.39946430921554565,8.364734649658203,0.05000000074505806
2,1.2183670401573181,13.923938054591417,0.08750161307673741,0.29240808356553316,0.5856856470927596,0.0017204307951033115,0.0006510416860692203,4.008761882781982,4.00868558883667,3.783123016357422,3.783129930496216,3.783129930496216,0,0,True,0.3984925150871277,8.347490310668945,0.05000000074505806
3,1.212601661682129,13.952120579779148,0.08691163861066083,0.291024390142411,0.8746611978858709,0.0015309650916606188,0.0,4.100034713745117,4.09997034072876,3.660618782043457,3.660625457763672,3.660625457763672,0,0,True,0.400535523891449,8.345630645751953,0.05000000074505806
4,1.2149773836135864,13.980201736092567,0.08690699938019418,0.2915945532731712,1.1618996299803257,0.0013035926967859268,0.0,4.887210845947266,4.887145042419434,4.021870136260986,4.021871089935303,4.021871089935303,0,0,True,0.3974929749965668,8.278302192687988,0.05000000074505806
5,1.2251343727111816,14.008383467793465,0.08745722699038586,0.2940322360955179,1.4482203610241413,0.0014102259883657098,0.0,4.684853553771973,4.684797286987305,3.7824926376342773,3.782491683959961,3.782491683959961,0,0,True,0.39234086871147156,8.270360946655273,0.05000000074505806
6,1.2190732955932617,14.03576697409153,0.08685476880911003,0.2925775721669197,1.7279855161905289,0.007482751738280058,0.0,2.7816200256347656,2.7815046310424805,2.6112453937530518,2.6112499237060547,2.6112499237060547,0,0,True,0.28508615493774414,5.725123882293701,0.05000000074505806
7,1.2234129905700684,14.06311471760273,0.08699445429672337,0.29361910792067647,2.0055103972554207,0.006345973815768957,0.0,3.1751372814178467,3.17503023147583,2.900594711303711,2.900607109069824,2.900607109069824,0,0,True,0.31123173236846924,6.196539402008057,0.05000000074505806
8,1.2251402735710144,14.090246945619583,0.08694952461084364,0.29403365729376674,2.279277265071869,0.01084064319729805,0.0,2.6058449745178223,2.6057045459747314,2.5675528049468994,2.567573070526123,2.567573070526123,0,0,True,0.2657713294029236,5.414632797241211,0.05000000074505806
9,1.2342318296432495,14.117715865373611,0.08742432851127414,0.2962156259454787,2.553621131926775,0.006631758529692888,0.0,3.1356825828552246,3.1355719566345215,2.8824262619018555,2.8824405670166016,2.8824405670166016,0,0,True,0.31316909193992615,6.416645050048828,0.05000000074505806
10,1.2418102025985718,14.14530947804451,0.08778953931874267,0.29803446820005774,2.827830985188484,0.007444159593433142,0.0,2.829930305480957,2.829824924468994,2.7759833335876465,2.776001453399658,2.776001453399658,0,0,True,0.3090903162956238,6.310783386230469,0.05000000074505806
11,1.235471785068512,14.172837525606155,0.08717180189474248,0.2965132249519229,3.0990743190050125,0.00451833289116621,0.0,4.232770919799805,4.232729911804199,3.611835241317749,3.6118452548980713,3.6118452548980713,0,0,True,0.3530707359313965,7.3606109619140625,0.05000000074505806
12,1.2411977648735046,14.200439661741257,0.0874055870409092,0.29788744961842895,3.370591528713703,0.004309943411499262,0.0,4.307195663452148,4.3071393966674805,3.632002592086792,3.632011890411377,3.632011890411377,0,0,True,0.3498731851577759,7.190118312835693,0.05000000074505806
13,1.2430938482284546,14.228091031312943,0.08736898333674381,0.298342521302402,3.6411891132593155,0.002879370003938675,0.0,4.666835784912109,4.666781902313232,3.746115207672119,3.7461371421813965,3.7461371421813965,0,0,True,0.3392466902732849,7.068564414978027,0.05000000074505806
14,1.2413291335105896,14.255646139383316,0.08707631498240094,0.2979190037585795,3.9097619727253914,0.003576497081667185,0.0,4.358231544494629,4.358186721801758,3.7292871475219727,3.7292826175689697,3.7292826175689697,0,0,True,0.3213614821434021,6.788614273071289,0.05000000074505806
15,1.242577075958252,14.283202528953552,0.08699569115815713,0.29821848636493087,4.177444942295551,0.004775477573275566,0.0,3.9855403900146484,3.9855029582977295,3.3735132217407227,3.373518943786621,3.373518943786621,0,0,True,0.3425772190093994,7.229959011077881,0.05000000074505806
16,1.2416497468948364,14.310792863368988,0.08676316950076604,0.2979959179647267,4.44336923956871,0.0024264224339276552,0.0,3.914062738418579,3.9138076305389404,4.263850688934326,4.2638349533081055,4.2638349533081055,0,0,True,0.3583988547325134,7.8115153312683105,0.05000000074505806
17,1.2416724562644958,14.338338732719421,0.08659806965161572,0.29800137784332037,4.707975536584854,0.001944338553585112,0.0,4.038691520690918,4.038586616516113,4.409543037414551,4.409552574157715,4.409552574157715,0,0,True,0.3497573733329773,7.649348258972168,0.05000000074505806
18,1.23991459608078,14.365934789180756,0.08630935711991274,0.2975795082747936,4.972328364849091,0.0020725529175251722,0.0,4.348480224609375,4.348315238952637,4.899081707000732,4.899067401885986,4.899067401885986,0,0,True,0.36406272649765015,7.830915927886963,0.05000000074505806
19,1.241744875907898,14.393612742424011,0.08627054917546553,0.29801875818520784,5.236470773816109,0.0016148177674040198,0.0,4.30195951461792,4.301756858825684,4.501320838928223,4.5013227462768555,4.5013227462768555,0,0,True,0.37163934111595154,8.071661949157715,0.05000000074505806
20,1.2416483759880066,14.421409547328949,0.08609757402097894,0.2979955947957933,5.5012175142765045,0.0015860704006627202,0.0,4.870281219482422,4.87017822265625,4.637346267700195,4.637351989746094,4.637351989746094,0,0,True,0.3611239790916443,7.67354679107666,0.05000000074505806
21,1.238467514514923,14.449097752571106,0.08571244625253832,0.29723218688741326,5.763939991593361,0.0013214072678238153,0.0,4.8043928146362305,4.804385185241699,3.7267351150512695,3.726738452911377,3.726738452911377,0,0,True,0.38514453172683716,8.277003288269043,0.05000000074505806
22,1.2380670309066772,14.476910591125488,0.08552011308722363,0.29713608184829354,6.026890888810158,0.0017058085650205612,0.0,4.502774715423584,4.502763271331787,3.933464288711548,3.933450222015381,3.933450222015381,0,0,True,0.39468252658843994,8.355280876159668,0.05000000074505806
23,1.2366583943367004,14.504805564880371,0.08525852958215092,0.2967980057001114,6.290076166391373,0.0018784338608384132,0.0,4.331446647644043,4.331418991088867,3.6918516159057617,3.6918580532073975,3.6918580532073975,0,0,True,0.4000486731529236,8.29867172241211,0.05000000074505806
24,1.236365258693695,14.532798886299133,0.08507413254437068,0.2967276484705508,6.553123757243156,0.0017179446294903755,0.0,4.846617221832275,4.846599578857422,4.192883014678955,4.192883014678955,4.192883014678955,0,0,True,0.3975861966609955,8.29725456237793,0.05000000074505806
25,1.2357197403907776,14.560901403427124,0.08486560729680737,0.2965727183036506,6.816388383507729,0.0017102303681895137,0.0,4.6962080001831055,4.696199417114258,4.147459030151367,4.147458076477051,4.147458076477051,0,0,True,0.4049777388572693,8.426215171813965,0.05000000074505806
26,1.2421767711639404,14.588992655277252,0.0851447937849643,0.29812241764739156,7.080115914344788,0.006695739459246397,0.0,2.8600311279296875,2.8600196838378906,2.7044405937194824,2.704481363296509,2.704481363296509,0,0,True,0.31083688139915466,6.4140520095825195,0.05000000074505806
27,1.2426528930664062,14.617277324199677,0.08501260977029755,0.29823669884353876,7.344619631767273,0.008377487771213055,0.0,2.8681936264038086,2.868185043334961,2.753124713897705,2.7531728744506836,2.7531728744506836,0,0,True,0.2991323173046112,5.983054161071777,0.05000000074505806
28,1.241556465625763,14.64564722776413,0.08477306918004364,0.2979735448025167,7.6090017557144165,0.00610689353197813,0.0,3.0254759788513184,3.0254697799682617,2.571800470352173,2.5718274116516113,2.5718274116516113,0,0,True,0.2782096266746521,5.624603748321533,0.05000000074505806
29,1.2408641576766968,14.674184918403625,0.0845610277215784,0.29780740290880203,7.873769521713257,0.005086821038275957,0.0,3.1038453578948975,3.1038520336151123,2.7375681400299072,2.7376015186309814,2.7376015186309814,0,0,True,0.29594430327415466,5.9330668449401855,0.05000000074505806
30,1.2404998540878296,14.702887833118439,0.08437117035563504,0.2977199642919004,8.138807699084282,0.006378382910043001,0.0,3.324329376220703,3.3243319988250732,2.673748016357422,2.673793315887451,2.673793315887451,0,0,True,0.2778957784175873,5.522260665893555,0.05000000074505806
31,1.2345490455627441,14.731573641300201,0.08380293074065531,0.2962917680852115,8.402629122138023,0.004468114580959082,0.0,4.1776885986328125,4.177693843841553,3.6917343139648438,3.6917543411254883,3.6917543411254883,0,0,True,0.34992679953575134,7.37745475769043,0.05000000074505806
32,1.2347495555877686,14.760453343391418,0.08365254961092325,0.2963398811407387,8.667123556137085,0.0035444709938019514,0.0,4.297428131103516,4.297434329986572,3.4705960750579834,3.4706082344055176,3.4706082344055176,0,0,True,0.3210952579975128,6.731878280639648,0.05000000074505806
33,1.2327349185943604,14.78939962387085,0.08335260050750559,0.2958563668653369,8.931693449616432,0.004044880159199238,0.0,3.981647491455078,3.9816300868988037,3.325279951095581,3.325298309326172,3.325298309326172,0,0,True,0.34094804525375366,7.075231075286865,0.05000000074505806
34,1.2330342531204224,14.81844425201416,0.0832094268568595,0.2959282295778394,9.196216821670532,0.00359634542837739,0.0,4.0962934494018555,4.096311569213867,3.4119014739990234,3.4119210243225098,3.4119210243225098,0,0,True,0.33432066440582275,7.1016845703125,0.05000000074505806
35,1.2315908670425415,14.84756588935852,0.08294900835733901,0.29558179108425975,9.460850611329079,0.003558230819180608,0.0,4.022736549377441,4.022730827331543,3.5735747814178467,3.573605537414551,3.573605537414551,0,0,True,0.32645440101623535,6.858722686767578,0.05000000074505806
36,1.2280359864234924,14.876855492591858,0.08254674430594627,0.2947286134585738,9.725431621074677,0.0021906134206801653,0.0,3.9652369022369385,3.9650015830993652,4.149903297424316,4.149909973144531,4.149909973144531,0,0,True,0.3650302290916443,7.8512372970581055,0.05000000074505806
37,1.2276571393013,14.906242370605469,0.08235859237886754,0.2946376921609044,9.99027481675148,0.0019679665565490723,0.0,4.15841007232666,4.158236503601074,4.64235258102417,4.64237117767334,4.64237117767334,0,0,True,0.3648080825805664,7.829274654388428,0.05000000074505806
38,1.2273201942443848,14.935688972473145,0.08217365777409848,0.29455684311687946,10.254935875535011,0.0015198682667687535,0.0,4.18084192276001,4.1806817054748535,5.0299072265625,5.029942512512207,5.029942512512207,0,0,True,0.37643346190452576,8.1303129196167,0.05000000074505806
39,1.2273091673851013,14.965307593345642,0.08201028677357938,0.29455419164150953,10.520301878452301,0.002026676433160901,0.0,4.1661224365234375,4.166032791137695,4.851578712463379,4.851597785949707,4.851597785949707,0,0,True,0.37046992778778076,7.982105731964111,0.05000000074505806
40,1.2271960377693176,14.995028257369995,0.08184019507706868,0.29452702263370156,10.786031574010849,0.002452910877764225,0.0,4.030170440673828,4.03009557723999,4.876402378082275,4.87640380859375,4.87640380859375,0,0,True,0.3741249740123749,8.102543830871582,0.05000000074505806
41,1.2254566550254822,15.024818301200867,0.08156216138251315,0.29410959454253316,11.051735937595367,0.0018365302821621299,0.0,4.616391658782959,4.616377353668213,3.8499107360839844,3.849916458129883,3.849916458129883,0,0,True,0.38971567153930664,8.088960647583008,0.05000000074505806
42,1.225647747516632,15.054714798927307,0.08141288386306482,0.2941554649733007,11.317733615636826,0.0013905680971220136,0.0,5.221952438354492,5.2219367027282715,4.128905296325684,4.128913402557373,4.128913402557373,0,0,True,0.3797004818916321,7.9549946784973145,0.05000000074505806
43,1.2240742444992065,15.084672212600708,0.08114689051557238,0.2937778099440038,11.583817541599274,0.001622817711904645,0.0,4.959153652191162,4.959155082702637,4.14630126953125,4.146304607391357,4.146304607391357,0,0,True,0.3797721564769745,7.822018623352051,0.05000000074505806
44,1.2225853204727173,15.114678025245667,0.0808872883981163,0.29342046147212386,11.849776268005371,0.0014354209415614605,0.0,5.183928489685059,5.183934211730957,3.850421905517578,3.8503923416137695,3.8503923416137695,0,0,True,0.37865281105041504,7.771303176879883,0.05000000074505806
45,1.2226706743240356,15.144787192344666,0.08073211322124532,0.2934409282170236,12.116033524274826,0.0015281145460903645,0.0,4.7678704261779785,4.767839431762695,3.9230759143829346,3.9230897426605225,3.9230897426605225,0,0,True,0.40215152502059937,8.452681541442871,0.05000000074505806
46,1.2282029390335083,15.174952507019043,0.08093619656901158,0.2947686999104917,12.383140921592712,0.00706906383857131,0.0,2.8489298820495605,2.8489272594451904,2.5369112491607666,2.536973714828491,2.536973714828491,0,0,True,0.2763407826423645,5.594552516937256,0.05000000074505806
47,1.2265344858169556,15.205210447311401,0.08066540677402018,0.29436828289180994,12.650458455085754,0.007624627556651831,0.0,2.88349986076355,2.8835062980651855,2.8467326164245605,2.8467929363250732,2.8467929363250732,0,0,True,0.31005388498306274,6.331124305725098,0.05000000074505806
48,1.2252638936042786,15.235570788383484,0.08042126616867505,0.2940633003599942,12.918063640594482,0.006811484694480896,0.0006510416860692203,2.970902919769287,2.9709174633026123,2.7447757720947266,2.7448067665100098,2.7448067665100098,0,0,True,0.29503560066223145,5.948339462280273,0.05000000074505806
49,1.2244186401367188,15.266024947166443,0.08020546569092209,0.2938604508526623,13.18591395020485,0.006296348292380571,0.0,2.9491443634033203,2.9491355419158936,2.781275510787964,2.7813162803649902,2.7813162803649902,0,0,True,0.3168731927871704,6.574498653411865,0.05000000074505806
50,1.2234205603599548,15.296561241149902,0.07998010409481977,0.2936209011822939,13.454044818878174,0.006406606175005436,0.0052083334885537624,2.920029401779175,2.9200448989868164,2.8484716415405273,2.8485219478607178,2.8485219478607178,0,0,True,0.31521162390708923,6.427332401275635,0.05000000074505806
51,1.2208943963050842,15.327240586280823,0.07965519882279971,0.29301464930176735,13.722503989934921,0.0026089027523994446,0.0,4.677245140075684,4.677238464355469,3.66809344291687,3.668114185333252,3.668114185333252,0,0,True,0.34240198135375977,7.143719673156738,0.05000000074505806
52,1.2203993797302246,15.35797131061554,0.07946357986010014,0.292895850725472,13.99097165465355,0.004735099151730537,0.0,3.8930511474609375,3.893040418624878,3.3547146320343018,3.3547475337982178,3.3547475337982178,0,0,True,0.3216211199760437,6.8610053062438965,0.05000000074505806
53,1.2198233008384705,15.388800740242004,0.079266950130078,0.29275756934657693,14.259846895933151,0.00283106230199337,0.0006510416860692203,4.186133861541748,4.186143398284912,3.477203607559204,3.4772427082061768,3.4772427082061768,0,0,True,0.34213516116142273,7.22261905670166,0.05000000074505806
54,1.218694031238556,15.419694423675537,0.07903490158451922,0.29248657263815403,14.528822630643845,0.004437173251062632,0.0,4.428157329559326,4.428153991699219,3.729048490524292,3.7290823459625244,3.7290823459625244,0,0,True,0.3406219482421875,7.221258640289307,0.05000000074505806
55,1.2176830768585205,15.45069408416748,0.07881089808815098,0.29224393842741847,14.798185586929321,0.0037982261274009943,0.0006510416860692203,4.115074157714844,4.115060329437256,3.6666674613952637,3.6667118072509766,3.6667118072509766,0,0,True,0.35495370626449585,7.3604865074157715,0.05000000074505806
56,1.2159886956214905,15.481776595115662,0.07854322713874597,0.29183729039505124,15.067520141601562,0.0018765139393508434,0.0,4.1074538230896,4.107328414916992,4.555871963500977,4.555854320526123,4.555854320526123,0,0,True,0.3665703237056732,7.848585605621338,0.05000000074505806
57,1.2156465649604797,15.512946128845215,0.07836335889158229,0.2917551859281957,15.337162971496582,0.002104135463014245,0.0,4.042880058288574,4.042762279510498,4.662230491638184,4.662235736846924,4.662235736846924,0,0,True,0.363586962223053,7.818201065063477,0.05000000074505806
58,1.2145909070968628,15.544175744056702,0.07813800661390877,0.2915018340572715,15.606843292713165,0.0015097684226930141,0.0,4.5334882736206055,4.533411502838135,4.798520565032959,4.798569202423096,4.798569202423096,0,0,True,0.36463484168052673,7.836451053619385,0.05000000074505806
59,1.2145169973373413,15.57549524307251,0.07797613998036565,0.2914840807206929,15.876931369304657,0.0017850706353783607,0.0,4.25142240524292,4.251293659210205,4.923645496368408,4.923642158508301,4.923642158508301,0,0,True,0.3683449625968933,7.923630714416504,0.05000000074505806
60,1.2135732769966125,15.606871604919434,0.07775890695570807,0.29125758446753025,16.147048205137253,0.0025827065110206604,0.0,4.064510345458984,4.064271926879883,4.865647315979004,4.865659713745117,4.865659713745117,0,0,True,0.3685799539089203,7.923339366912842,0.05000000074505806
61,1.2125149965286255,15.63830828666687,0.0775349209327462,0.291003602091223,16.41718292236328,0.001531014684587717,0.0,4.406465530395508,4.40643310546875,3.9524970054626465,3.9524927139282227,3.9524927139282227,0,0,True,0.3923937678337097,8.10531997680664,0.05000000074505806
62,1.2126492261886597,15.669847249984741,0.07738743121378165,0.29103580582886934,16.687647342681885,0.001531796297058463,0.0,5.058007717132568,5.058004379272461,4.042290210723877,4.042295455932617,4.042295455932617,0,0,True,0.3835274875164032,8.0343017578125,0.05000000074505806
63,1.2113760113716125,15.701430916786194,0.07715067612573745,0.290730238892138,16.958160012960434,0.0014643371105194092,0.0,4.411376953125,4.411353588104248,3.720376968383789,3.7203867435455322,3.7203867435455322,0,0,True,0.40107816457748413,8.37768268585205,0.05000000074505806
64,1.2107938528060913,15.733064770698547,0.07695855006337282,0.2905905041843653,17.228712290525436,0.0015096371062099934,0.0,4.962789058685303,4.962775230407715,3.953691005706787,3.9536936283111572,3.9536936283111572,0,0,True,0.3989980220794678,8.342744827270508,0.05000000074505806
65,1.2105208039283752,15.76478660106659,0.07678637425047515,0.2905250140465796,17.499499589204788,0.0017428615828976035,0.0,4.598219871520996,4.598217010498047,3.9148647785186768,3.9148740768432617,3.9148740768432617,0,0,True,0.3873481750488281,8.174325942993164,0.05000000074505806
66,1.2144088745117188,15.796616077423096,0.07687778626508378,0.29145814338698983,17.771191149950027,0.007313672453165054,0.0,2.8817954063415527,2.8817996978759766,2.927225112915039,2.9272780418395996,2.9272780418395996,0,0,True,0.29879674315452576,6.0608601570129395,0.05000000074505806
67,1.2139611840248108,15.828492403030396,0.07669468153469851,0.29135068599134684,18.042962938547134,0.007614309433847666,0.0,2.7285971641540527,2.728593349456787,2.5611257553100586,2.5611610412597656,2.5611610412597656,0,0,True,0.3006211519241333,6.011127471923828,0.05000000074505806
68,1.213151454925537,15.86048674583435,0.07648891704059228,0.29115635342895985,18.315098375082016,0.005032747518271208,0.0006510416860692203,3.6973795890808105,3.6973776817321777,2.8922438621520996,2.8922743797302246,2.8922743797302246,0,0,True,0.30086085200309753,6.007260322570801,0.05000000074505806
69,1.213112473487854,15.892492890357971,0.07633242197162494,0.2911470062099397,18.587090522050858,0.0063368394039571285,0.0,2.9186177253723145,2.9186205863952637,2.78653621673584,2.786585807800293,2.786585807800293,0,0,True,0.2852426767349243,5.737051486968994,0.05000000074505806
70,1.2119725942611694,15.924584031105042,0.07610701741997515,0.2908733878284693,18.859230995178223,0.006597860716283321,0.0013020833721384406,2.960800886154175,2.9607982635498047,2.6970794200897217,2.6971216201782227,2.6971216201782227,0,0,True,0.3165212869644165,6.549627304077148,0.05000000074505806
71,1.2106173634529114,15.956776976585388,0.0758685394443592,0.2905481760390103,19.13162398338318,0.003907468635588884,0.0,4.341428756713867,4.341432571411133,3.4762392044067383,3.476276397705078,3.476276397705078,0,0,True,0.33855515718460083,7.077930927276611,0.05000000074505806
72,1.21001797914505,15.989052772521973,0.07567790264752453,0.29040429228916764,19.404216557741165,0.0040983478538692,0.0,4.288957595825195,4.288936614990234,3.833319902420044,3.8333489894866943,3.8333489894866943,0,0,True,0.34622257947921753,7.201973915100098,0.05000000074505806
73,1.2096206545829773,16.021397590637207,0.07550032060186004,0.29030894860625267,19.676894813776016,0.004417544696480036,0.0,4.053746223449707,4.053740501403809,3.332174301147461,3.3322091102600098,3.3322091102600098,0,0,True,0.3391352593898773,7.112415790557861,0.05000000074505806
74,1.2091160416603088,16.05378532409668,0.0753165697217484,0.2901878487318754,19.949677348136902,0.003656649962067604,0.0,4.367626190185547,4.367619037628174,3.567936420440674,3.5679619312286377,3.5679619312286377,0,0,True,0.3538219928741455,7.330774307250977,0.05000000074505806
75,1.209008514881134,16.08624815940857,0.0751578928100774,0.290162046905607,20.222645044326782,0.0029035862535238266,0.0,4.485520362854004,4.485515594482422,3.5404372215270996,3.540475368499756,3.540475368499756,0,0,True,0.3540213108062744,7.397392749786377,0.05000000074505806
76,1.2065861821174622,16.11876654624939,0.07485598719079518,0.2895806888118386,20.49535369873047,0.0032977615483105183,0.0,3.776871681213379,3.776832103729248,4.573431968688965,4.573459148406982,4.573459148406982,0,0,True,0.35669952630996704,7.705596446990967,0.05000000074505806
77,1.2065109610557556,16.151344776153564,0.07470034091756202,0.2895626239478588,20.768224775791168,0.001794469659216702,0.0,4.287521839141846,4.2874531745910645,4.548273086547852,4.548276901245117,4.548276901245117,0,0,True,0.3809831142425537,8.249897956848145,0.05000000074505806
78,1.2064560055732727,16.18401336669922,0.07454615726255627,0.2895494429394603,21.041361153125763,0.0013876425800845027,0.0,4.321479797363281,4.32139253616333,4.700587272644043,4.700612545013428,4.700612545013428,0,0,True,0.36455535888671875,7.805873394012451,0.05000000074505806
79,1.2058526873588562,16.21673011779785,0.07435855925328828,0.28940462693572044,21.314476162195206,0.0017028014408424497,0.0,3.9082467555999756,3.9081408977508545,4.852307319641113,4.852331161499023,4.852331161499023,0,0,True,0.35665926337242126,7.747075080871582,0.05000000074505806
80,1.2059652209281921,16.249555110931396,0.07421527621497252,0.2894316390156746,21.58800458908081,0.0017521254485473037,0.0,4.338449954986572,4.338423728942871,4.607469081878662,4.607474327087402,4.607474327087402,0,0,True,0.361919105052948,7.774101257324219,0.05000000074505806
81,1.2047929167747498,16.282402992248535,0.07399355717631532,0.2891502883285284,21.861304372549057,0.001268267398700118,0.0,5.0766706466674805,5.076661109924316,3.765986680984497,3.7659859657287598,3.7659859657287598,0,0,True,0.39723166823387146,8.338459968566895,0.05000000074505806
82,1.2051420211791992,16.315340995788574,0.07386557360279988,0.2892340626567602,22.134952127933502,0.0015418052207678556,0.0,4.402406215667725,4.402392864227295,3.8263392448425293,3.8263444900512695,3.8263444900512695,0,0,True,0.4042179584503174,8.411705017089844,0.05000000074505806
83,1.2047827243804932,16.348352909088135,0.0736944407231843,0.2891478557139635,22.408714145421982,0.0012185195228084922,0.0,5.042830944061279,5.042811870574951,4.486428260803223,4.486433029174805,4.486433029174805,0,0,True,0.38270074129104614,7.973971366882324,0.05000000074505806
84,1.2038484811782837,16.38140320777893,0.07348872779143975,0.2889236300252378,22.682384222745895,0.0017755781300365925,0.0,4.247984886169434,4.247960090637207,3.724569320678711,3.7245755195617676,3.7245755195617676,0,0,True,0.4003600776195526,8.340332984924316,0.05000000074505806
85,1.204490602016449,16.414541959762573,0.07337948295901589,0.2890777592547238,22.956426858901978,0.00168066774494946,0.0,4.422311782836914,4.422296524047852,3.8269848823547363,3.8269948959350586,3.8269948959350586,0,0,True,0.4017220735549927,8.317767143249512,0.05000000074505806
86,1.2067323327064514,16.44774055480957,0.07336766583137673,0.28961577685549855,23.230852335691452,0.007030073087662458,0.0,2.7769856452941895,2.7769620418548584,2.739828586578369,2.739863395690918,2.739863395690918,0,0,True,0.3006627559661865,6.093398094177246,0.05000000074505806
87,1.2066336870193481,16.481034755706787,0.07321346656353203,0.2895920933224261,23.505542278289795,0.007282025180757046,0.0013020833721384406,2.826984167098999,2.826976776123047,2.688807249069214,2.6888442039489746,2.6888442039489746,0,0,True,0.31050825119018555,6.3274126052856445,0.05000000074505806
88,1.2062103748321533,16.51436686515808,0.07304006170391002,0.2894904790446162,23.780220329761505,0.005157955922186375,0.0,2.9007956981658936,2.900815963745117,2.7177395820617676,2.717801570892334,2.717801570892334,0,0,True,0.2939072847366333,5.9375834465026855,0.05000000074505806
89,1.2065160274505615,16.54776954650879,0.07291109681335328,0.28956382628530264,24.055039823055267,0.007847938686609268,0.0,2.72918701171875,2.729163646697998,2.4916954040527344,2.4917469024658203,2.4917469024658203,0,0,True,0.2732012867927551,5.59161901473999,0.05000000074505806
90,1.2059575915336609,16.581252574920654,0.07273018646116557,0.28942980943247676,24.330063343048096,0.005804598797112703,0.0,3.113058090209961,3.1130666732788086,2.8267548084259033,2.826808452606201,2.826808452606201,0,0,True,0.2922346591949463,5.829758167266846,0.05000000074505806
91,1.2040866017341614,16.614784479141235,0.07247079269946671,0.28898079600185156,24.604918718338013,0.004042865242809057,0.0,4.020749092102051,4.020747184753418,3.3318209648132324,3.331854820251465,3.331854820251465,0,0,True,0.33879122138023376,7.1794939041137695,0.05000000074505806
92,1.2041885256767273,16.648410320281982,0.07233054102527257,0.2890052408911288,24.880057632923126,0.00322781247086823,0.0,4.242785453796387,4.242791175842285,3.8429484367370605,3.842963933944702,3.842963933944702,0,0,True,0.34030458331108093,7.151341438293457,0.05000000074505806
93,1.2042492032051086,16.682088613510132,0.07218815527870036,0.2890198053792119,25.1552854180336,0.003456695470958948,0.0,4.353682518005371,4.35371732711792,3.7765722274780273,3.776596784591675,3.776596784591675,0,0,True,0.33233842253685,6.95892333984375,0.05000000074505806
94,1.20376855134964,16.715794801712036,0.07201383874527759,0.28890445502474904,25.430436670780182,0.00526247126981616,0.0,3.688964605331421,3.6889560222625732,3.553384304046631,3.5534305572509766,3.5534305572509766,0,0,True,0.3381745219230652,7.147563457489014,0.05000000074505806
95,1.2030728459358215,16.749581575393677,0.07182703881410511,0.28873749263584614,25.70573079586029,0.0038146236911416054,0.0,4.1737213134765625,4.173722267150879,3.735167980194092,3.7352001667022705,3.7352001667022705,0,0,True,0.3515375554561615,7.328575134277344,0.05000000074505806
96,1.20209801197052,16.783451318740845,0.07162400564347725,0.28850352205336094,25.981135666370392,0.0017837596824392676,0.0,4.345198631286621,4.345185279846191,4.7443084716796875,4.744318008422852,4.744318008422852,0,0,True,0.36131954193115234,7.726580619812012,0.05000000074505806
97,1.2023279070854187,16.817392826080322,0.07149312140826342,0.28855869034305215,26.256709098815918,0.0017272868426516652,0.0,4.158587455749512,4.158537864685059,4.885733127593994,4.885737895965576,4.885737895965576,0,0,True,0.3609590530395508,7.818799018859863,0.05000000074505806
98,1.2020720839500427,16.851388216018677,0.07133371260222769,0.28849730221554637,26.532321453094482,0.0016620262758806348,0.0,4.535564422607422,4.535526752471924,4.886776924133301,4.886794090270996,4.886794090270996,0,0,True,0.37219735980033875,8.037593841552734,0.05000000074505806
99,1.2021886110305786,16.885464668273926,0.07119665550509659,0.28852525539696217,26.808173716068268,0.0019810788799077272,0.0,4.141997337341309,4.1419854164123535,4.612560272216797,4.612603664398193,4.612603664398193,0,0,True,0.3571123480796814,7.661606788635254,0.05000000074505806
100,1.201841950416565,16.91960048675537,0.07103252534581797,0.28844207152724266,27.084070563316345,0.001671309000812471,0.0,4.232475280761719,4.2324724197387695,4.314414024353027,4.314422607421875,4.314422607421875,0,0,True,0.36107882857322693,7.801654815673828,0.05000000074505806
101,1.2015259861946106,16.953801155090332,0.07087059563830356,0.2883662320673466,27.360055446624756,0.001913161133415997,0.0,5.033414840698242,5.033426284790039,4.407047271728516,4.407060623168945,4.407060623168945,0,0,True,0.3840143084526062,7.941171646118164,0.05000000074505806
102,1.2017086744308472,16.98806667327881,0.07073840111076686,0.28841008385643363,27.636171340942383,0.0016048857942223549,0.0,4.940162658691406,4.940135955810547,4.134507179260254,4.134509563446045,4.134509563446045,0,0,True,0.4070148169994354,8.489545822143555,0.05000000074505806
103,1.2013024687767029,17.022387266159058,0.07057191509001343,0.28831258602440357,27.912317276000977,0.0014988271286711097,0.0,4.590069770812988,4.590035915374756,3.9957799911499023,3.9957871437072754,3.9957871437072754,0,0,True,0.399048775434494,8.361786842346191,0.05000000074505806
104,1.2011549472808838,17.056770086288452,0.07042100826852704,0.2882771799340844,28.188546001911163,0.0013398706214502454,0.0,5.1948113441467285,5.194797515869141,4.2641682624816895,4.264155387878418,4.264155387878418,0,0,True,0.3903159499168396,8.137630462646484,0.05000000074505806
105,1.2012794017791748,17.091227293014526,0.07028631596691468,0.2883070632815361,28.464962482452393,0.0016848435625433922,0.0,4.743995666503906,4.743973731994629,3.918409585952759,3.9184138774871826,3.9184138774871826,0,0,True,0.4042629599571228,8.427138328552246,0.05000000074505806
106,1.2032168507575989,17.125762701034546,0.07025770891271979,0.2887720465660095,28.74180907011032,0.0072412206791341305,0.0,2.99882173538208,2.998809814453125,2.6822047233581543,2.6822566986083984,2.6822566986083984,0,0,True,0.30668967962265015,6.239833354949951,0.05000000074505806
107,1.203702449798584,17.160366535186768,0.07014433213477297,0.28888858668506145,29.01879358291626,0.00760270282626152,0.0,2.705768585205078,2.7057673931121826,2.615807056427002,2.6158628463745117,2.6158628463745117,0,0,True,0.2624838054180145,5.300401210784912,0.05000000074505806
108,1.203542172908783,17.195027589797974,0.0699936168536804,0.28885011887177825,29.29590380191803,0.007406310644000769,0.0,3.0258424282073975,3.025820732116699,2.6586952209472656,2.658755302429199,2.658755302429199,0,0,True,0.2764929533004761,5.536526679992676,0.05000000074505806
109,1.2029809951782227,17.22976279258728,0.06981993946520136,0.2887154486961663,29.573118209838867,0.007576489821076393,0.0,2.915055274963379,2.915036678314209,2.8872532844543457,2.887319326400757,2.887319326400757,0,0,True,0.3226253390312195,6.530603885650635,0.05000000074505806
110,1.202498972415924,17.264529705047607,0.06965141784686733,0.28859976632520556,29.850229740142822,0.006735143717378378,0.0,3.009453296661377,3.0094542503356934,2.944969654083252,2.9450321197509766,2.9450321197509766,0,0,True,0.31669721007347107,6.4717020988464355,0.05000000074505806
111,1.202037751674652,17.2993905544281,0.06948439876495928,0.2884890642017126,30.127514362335205,0.0037013136316090822,0.0,4.3734893798828125,4.3734893798828125,3.5971949100494385,3.5972189903259277,3.5972189903259277,0,0,True,0.335371196269989,6.9625420570373535,0.05000000074505806
112,1.2014352679252625,17.334269046783447,0.06930983156444091,0.2883444717153907,30.40464049577713,0.002274865983054042,0.0,4.7563018798828125,4.756294250488281,3.5741124153137207,3.5741589069366455,3.5741589069366455,0,0,True,0.34789401292800903,7.2180986404418945,0.05000000074505806
113,1.2015212774276733,17.369219541549683,0.06917531755260856,0.2883651074953377,30.6818864941597,0.004496925510466099,0.0,4.373741149902344,4.3737382888793945,3.6033735275268555,3.6033802032470703,3.6033802032470703,0,0,True,0.3380044102668762,7.173767566680908,0.05000000074505806
114,1.2014735341072083,17.404255628585815,0.06903331919199317,0.2883536331355572,30.959335267543793,0.0036870248150080442,0.0006510416860692203,4.233860969543457,4.233864784240723,3.2455036640167236,3.2455458641052246,3.2455458641052246,0,0,True,0.3386479318141937,7.157548904418945,0.05000000074505806
115,1.201172947883606,17.439348697662354,0.06887716787523243,0.2882814761251211,31.23689031600952,0.003823500592261553,0.0,4.49165153503418,4.491633415222168,3.774465322494507,3.774524211883545,3.774524211883545,0,0,True,0.3499360680580139,7.175595283508301,0.05000000074505806
116,1.2003797888755798,17.47449517250061,0.06869324561459161,0.28809115709736943,31.514366626739502,0.0017188175115734339,0.0,4.4947285652160645,4.494775295257568,4.630343437194824,4.6303911209106445,4.6303911209106445,0,0,True,0.37465590238571167,8.141016006469727,0.05000000074505806
117,1.2003863453865051,17.50971531867981,0.06855544613600327,0.28809272591024637,31.792007446289062,0.00171651819255203,0.0,4.081446647644043,4.0814127922058105,4.522602558135986,4.5226545333862305,4.5226545333862305,0,0,True,0.3751092553138733,8.020870208740234,0.05000000074505806
118,1.2000779509544373,17.544983386993408,0.06840006197122357,0.288018717430532,32.069620847702026,0.0019017721060663462,0.0,4.390058517456055,4.390016555786133,5.043724536895752,5.043729305267334,5.043729305267334,0,0,True,0.37995824217796326,8.144134521484375,0.05000000074505806
119,1.2001340985298157,17.580320119857788,0.06826577049494158,0.2880321997217834,32.34736466407776,0.0019773771055042744,0.0,3.9655845165252686,3.965545892715454,4.784389495849609,4.784406661987305,4.784406661987305,0,0,True,0.36259979009628296,7.810161113739014,0.05000000074505806
120,1.2000447511672974,17.61571764945984,0.06812352326753461,0.2880107471719384,32.62517726421356,0.0015893063973635435,0.0,4.319509506225586,4.31946325302124,4.9193434715271,4.919425010681152,4.919425010681152,0,0,True,0.369330495595932,7.937620639801025,0.05000000074505806
121,1.1998599171638489,17.65117621421814,0.06797620184638765,0.2879663617350161,32.903025567531586,0.0014841154916211963,0.0,4.641025543212891,4.640999794006348,3.892378091812134,3.892388105392456,3.892388105392456,0,0,True,0.39612507820129395,8.284204483032227,0.05000000074505806
122,1.199922263622284,17.68670678138733,0.06784317049259993,0.28798134345561266,33.18104553222656,0.0017755129374563694,0.0006510416860692203,4.846187591552734,4.846159934997559,4.210494518280029,4.210497856140137,4.210497856140137,0,0,True,0.3678242564201355,7.6450910568237305,0.05000000074505806
123,1.1993871927261353,17.722278356552124,0.06767680591602425,0.2878529434092343,33.45898365974426,0.0015422602882608771,0.0,4.733682632446289,4.733654975891113,3.8299551010131836,3.8299524784088135,3.8299524784088135,0,0,True,0.39981016516685486,8.367865562438965,0.05000000074505806
124,1.1998202800750732,17.757932662963867,0.06756531308272337,0.2879568748176098,33.737168312072754,0.001580016571097076,0.0006510416860692203,5.30640983581543,5.306403160095215,4.397753715515137,4.39776611328125,4.39776611328125,0,0,True,0.38965582847595215,8.04006576538086,0.05000000074505806
125,1.1995400190353394,17.7936372756958,0.06741398627214809,0.2878895956091583,34.015372931957245,0.0015992412809282541,0.0,5.234834671020508,5.234829902648926,4.488057613372803,4.488043308258057,4.488043308258057,0,0,True,0.3938947319984436,8.06063461303711,0.05000000074505806
126,1.2013441920280457,17.82940936088562,0.06737992087744474,0.28832259587943554,34.293929278850555,0.0070198895409703255,0.0,2.9948153495788574,2.994828701019287,2.75209379196167,2.752166986465454,2.752166986465454,0,0,True,0.3103044033050537,6.208085536956787,0.05000000074505806
127,1.201817810535431,17.865252017974854,0.06727124864100657,0.2884362689219415,34.57260900735855,0.007781284861266613,0.0,2.9011082649230957,2.9011142253875732,2.588878631591797,2.5889480113983154,2.5889480113983154,0,0,True,0.26353999972343445,5.361237049102783,0.05000000074505806
128,1.2011884450912476,17.901159524917603,0.06710115305208289,0.28828521724790335,34.851343274116516,0.00756523571908474,0.0,2.8326377868652344,2.8326213359832764,2.636788845062256,2.636843204498291,2.636843204498291,0,0,True,0.29408514499664307,6.073264122009277,0.05000000074505806
129,1.2013570666313171,17.93710446357727,0.0669760868634494,0.28832569997757673,35.130080223083496,0.00974357035011053,0.0,2.915618896484375,2.915600299835205,2.5555739402770996,2.5556418895721436,2.5556418895721436,0,0,True,0.28220897912979126,5.705507278442383,0.05000000074505806
130,1.2011981010437012,17.973094940185547,0.0668331250149898,0.2882875306531787,35.40881848335266,0.008183596655726433,0.0,2.8247058391571045,2.8246922492980957,2.5519886016845703,2.552028179168701,2.552028179168701,0,0,True,0.30169904232025146,6.152411937713623,0.05000000074505806
131,1.2003120183944702,18.009174823760986,0.06665002867376243,0.28807487105950713,35.68764644861221,0.0037097460590302944,0.0,4.709572792053223,4.709589004516602,3.3102059364318848,3.3102312088012695,3.3102312088012695,0,0,True,0.31673240661621094,6.683653354644775,0.05000000074505806
132,1.2001684308052063,18.045313835144043,0.0665085928551614,0.2880404177121818,35.96652603149414,0.003526062937453389,0.0,4.57905912399292,4.579051494598389,3.8463525772094727,3.8464062213897705,3.8464062213897705,0,0,True,0.3361220359802246,7.1527509689331055,0.05000000074505806
133,1.199802815914154,18.081493616104126,0.06635529350548564,0.28795267874374986,36.245358884334564,0.0034813620150089264,0.0,4.296491622924805,4.29649543762207,3.6062328815460205,3.6062493324279785,3.6062493324279785,0,0,True,0.3380032777786255,7.086919784545898,0.05000000074505806
134,1.1996619701385498,18.117737531661987,0.0662147780892652,0.2879188768565655,36.52429682016373,0.0036378735676407814,0.0,4.431889533996582,4.431888103485107,3.676412582397461,3.676445484161377,3.676445484161377,0,0,True,0.3434779644012451,7.21501350402832,0.05000000074505806
135,1.1997466087341309,18.154045343399048,0.06608701179488725,0.28793918062001467,36.803342282772064,0.0041976552456617355,0.0,4.054970741271973,4.054978847503662,3.4307353496551514,3.43076491355896,3.43076491355896,0,0,True,0.33334144949913025,6.93372106552124,0.05000000074505806
136,1.198771059513092,18.190393209457397,0.06590132745947663,0.2877050549723208,37.082238137722015,0.002286965027451515,0.0,4.3025221824646,4.302532196044922,5.012296676635742,5.012299537658691,5.012299537658691,0,0,True,0.3740902841091156,8.1785888671875,0.05000000074505806
137,1.1990139484405518,18.22680950164795,0.0657829856800854,0.2877633483149111,37.36129939556122,0.0018909453647211194,0.0,4.803529262542725,4.803663730621338,4.834342956542969,4.834414958953857,4.834414958953857,0,0,True,0.36618107557296753,7.855581283569336,0.05000000074505806
138,1.1989101767539978,18.26328444480896,0.06564592367693033,0.2877384456805885,37.64037847518921,0.0018320617964491248,0.0,4.382118225097656,4.382040500640869,4.961691379547119,4.961719512939453,4.961719512939453,0,0,True,0.3679952323436737,7.935971260070801,0.05000000074505806
139,1.1986943483352661,18.29982018470764,0.06550306703761835,0.2876866478472948,37.91956043243408,0.001895285677164793,0.0,3.9719700813293457,3.9720640182495117,4.607170104980469,4.607211112976074,4.607211112976074,0,0,True,0.35837385058403015,7.663707733154297,0.05000000074505806
140,1.198794424533844,18.336421966552734,0.0653777725403872,0.2877106498926878,38.1988320350647,0.0016110044671222568,0.0,4.450981140136719,4.450957775115967,4.500576019287109,4.500594139099121,4.500594139099121,0,0,True,0.3630453944206238,7.757476806640625,0.05000000074505806
141,1.1985731720924377,18.373074531555176,0.06523530778879312,0.2876575696282089,38.47808355093002,0.001920201350003481,0.0,4.583989143371582,4.583962917327881,3.9060139656066895,3.9060115814208984,3.9060115814208984,0,0,True,0.4026723802089691,8.383565902709961,0.05000000074505806
142,1.1984423995018005,18.40978217124939,0.06509813035014676,0.2876261891797185,38.75737512111664,0.001390117802657187,0.0,5.40787410736084,5.407853603363037,4.082359313964844,4.0823798179626465,4.0823798179626465,0,0,True,0.3978470265865326,8.291128158569336,0.05000000074505806
143,1.1982257962226868,18.44653558731079,0.06495668471465914,0.2875741911120713,39.03666806221008,0.0016187160508707166,0.0,4.88485860824585,4.884844779968262,4.029012680053711,4.02900505065918,4.02900505065918,0,0,True,0.40326768159866333,8.289636611938477,0.05000000074505806
144,1.1981544494628906,18.48334312438965,0.06482347059184704,0.2875570603646338,39.315988540649414,0.001410691998898983,0.0,5.014857769012451,5.014830589294434,3.9719748497009277,3.9719765186309814,3.9719765186309814,0,0,True,0.417725145816803,8.732291221618652,0.05000000074505806
145,1.1981397867202759,18.520214080810547,0.06469362511104616,0.2875535450875759,39.59541320800781,0.0017571842763572931,0.0,4.742541790008545,4.742507457733154,4.132432460784912,4.13245964050293,4.13245964050293,0,0,True,0.3907324969768524,8.13438606262207,0.05000000074505806
146,1.200046956539154,18.557167530059814,0.06466757141655691,0.28801127802580595,39.87524777650833,0.006376410834491253,0.0,3.2998385429382324,3.299832820892334,2.640460968017578,2.6405205726623535,2.6405205726623535,0,0,True,0.29108795523643494,5.8352508544921875,0.05000000074505806
147,1.1995344161987305,18.594173908233643,0.06451130456876965,0.28788826894015074,40.155067920684814,0.008348489180207253,0.0,2.886929988861084,2.886915683746338,2.8418827056884766,2.841949224472046,2.841949224472046,0,0,True,0.32537418603897095,6.549952030181885,0.05000000074505806
148,1.1996797919273376,18.631246089935303,0.06439074370744376,0.2879231316037476,40.43498170375824,0.008839825168251991,0.0,2.6804919242858887,2.6804680824279785,2.6155827045440674,2.615645170211792,2.615645170211792,0,0,True,0.297863245010376,6.100111961364746,0.05000000074505806
149,1.1996146440505981,18.66836452484131,0.0642592254106842,0.28790754126384854,40.71492063999176,0.008258373476564884,0.0,3.0922627449035645,3.0922534465789795,2.7230005264282227,2.723069429397583,2.723069429397583,0,0,True,0.3184168040752411,6.495711803436279,0.05000000074505806
150,1.1998069882392883,18.70551824569702,0.0641418736695675,0.28795367013663054,40.994837045669556,0.008685873821377754,0.0,2.8903861045837402,2.8903675079345703,2.692683458328247,2.6927337646484375,2.6927337646484375,0,0,True,0.29903897643089294,6.051609516143799,0.05000000074505806
