round,probe_loss,probe_entropy,output_drift_vs_0,output_drift_vs_prev,delta_norm,theta_norm,applied_change,gross_drift,net_drift,drift_ratio,nan_count,inf_count,layer_drift_sum,delta_cosine,param_hash,hash_changed
0,3.2205093687749002,4.568333983421326,0.0,0.0,,,,,,,,,,,,
1,3.220492930621265,4.568337321281433,0.0030494996753986925,0.01802910352125764,1.4648929834365845,13.888794869184494,0.3515743026509881,0.3515743026509881,0.3515743026509881,0.9999999999971557,0,0,0.3515743026509881,,,
2,3.220481258559512,4.56833291053772,0.005121026129927486,0.018326658755540848,1.448142945766449,13.903807982802391,0.34755429718643427,0.6991285998374224,0.49619186762720346,0.709729036606255,0,0,0.49619186762720346,0.0074127740226686,,
3,3.2204768815363547,4.568314015865326,0.0062335432739928365,0.01815083436667919,1.4302639365196228,13.91465863212943,0.3432633150368929,1.0423919148743153,0.6018756395205855,0.5773986069266264,0,0,0.6018756395205855,-0.0038722194731235504,,
4,3.2204696513425466,4.56827437877655,0.006701312784571201,0.018238491378724575,1.4017307758331299,13.923595517873764,0.3364153797738254,1.3788072946481407,0.6905648969113827,0.5008422131151459,0,0,0.6905648969113827,0.011089544743299484,,
5,3.2204652094746016,4.568189322948456,0.0075635017128661275,0.018217982724308968,1.3718140125274658,13.931495159864426,0.32923536468297243,1.708042659331113,0.7635158840566874,0.44701218666004566,0,0,0.7635158840566874,-0.004450205247849226,,
6,3.220470137678453,4.568208932876587,0.0076008152682334185,0.017998209688812494,1.350115418434143,13.938311725854874,0.32402770034968853,2.0320703596808016,0.8270129729062319,0.40698048124462205,0,0,0.8270129729062319,-0.01231167372316122,,
7,3.2204842738421315,4.568175435066223,0.008248778060078621,0.018217829056084156,1.330802857875824,13.94416143745184,0.3193926764652133,2.351463036146015,0.8861843347549438,0.37686509255403794,0,0,0.8861843347549438,-0.01157518569380045,,
8,3.2205013928660358,4.568143129348755,0.008849419886246324,0.01791036268696189,1.3084272146224976,13.949558682739735,0.31402253871783614,2.665485574863851,0.939245667308569,0.35237319464998107,0,0,0.939245667308569,-0.004879278596490622,,
9,3.220487840305445,4.568071663379669,0.010016215033829212,0.017819367349147797,1.2947702407836914,13.95424272119999,0.31074484111741185,2.976230415981263,0.9874504059553146,0.3317788840046581,0,0,0.9874504059553146,0.010353975929319859,,
10,3.220480058930943,4.568094372749329,0.010843597701750696,0.017977753188461065,1.277510166168213,13.958889484405518,0.30660244077444077,3.2828328567557037,1.035487873479724,0.3154250973662853,0,0,1.035487873479724,0.002126948442310095,,
11,3.220484079307769,4.568113267421722,0.01026529399678111,0.01806071260944009,1.2564292550086975,13.963430814445019,0.30154302809387445,3.584375884849578,1.077834777534008,0.3007036126120293,0,0,1.077834777534008,-0.009845888242125511,,
12,3.220481128869937,4.568125247955322,0.009939987096004188,0.01782028703019023,1.2448658347129822,13.96733471006155,0.2987677790224552,3.8831436638720334,1.1176308635622263,0.28781599660093576,0,0,1.1176308635622263,0.0002544290036894381,,
13,3.2204735420297976,4.568129062652588,0.011642841272987425,0.018431767355650663,1.2323216795921326,13.971162416040897,0.2957572117447853,4.178900875616819,1.1528094578534365,0.2758642744027764,0,0,1.1528094578534365,-0.011019455268979073,,
14,3.2204986045401727,4.568071067333221,0.012134815100580454,0.018278388306498528,1.223369061946869,13.974710784852505,0.29360857978463173,4.47250945540145,1.190840994939208,0.2662579043853698,0,0,1.190840994939208,-0.0006680497317574918,,
15,3.220496950998091,4.568045496940613,0.0126231643371284,0.01784236030653119,1.2151514887809753,13.977998495101929,0.2916363403201103,4.764145795721561,1.2242308463901281,0.25696754442093084,0,0,1.2242308463901281,0.0028964055236428976,,
16,3.2205000959702854,4.568033993244171,0.012707852525636554,0.01788697810843587,1.2047694325447083,13.981317773461342,0.28914466267451644,5.053290458396077,1.2562650721520185,0.24860337684814393,0,0,1.2562650721520185,-0.008618779480457306,,
17,3.220514653625083,4.568128764629364,0.012968132854439318,0.01782619208097458,1.1988985538482666,13.984812304377556,0.2877356354147196,5.341026093810797,1.2878182455897331,0.24111813403829296,0,0,1.2878182455897331,-0.0038007614202797413,,
18,3.220514102444389,4.56813383102417,0.014030716381967068,0.018050088081508875,1.2028679251670837,13.988230481743813,0.28868831181898713,5.629714405629784,1.320981789380312,0.2346445475207551,0,0,1.320981789380312,-0.003783436259254813,,
19,3.2205145563579016,4.568104565143585,0.01370293041691184,0.018199884798377752,1.2000342011451721,13.991359680891037,0.2880082093179226,5.9177226149477065,1.3515346348285675,0.2283876286148438,0,0,1.3515346348285675,0.004878698382526636,,
20,3.220519452139359,4.568094372749329,0.014662466244772077,0.01821440877392888,1.2012690901756287,13.994142472743988,0.2883045715279877,6.206027186475694,1.3805176224559546,0.22244788509212227,0,0,1.3805176224559546,-0.007233568467199802,,
21,3.2205137782204516,4.568149209022522,0.013800962711684406,0.01793289091438055,1.2020384073257446,13.997043266892433,0.288489215541631,6.494516402017325,1.4093628488481045,0.21700812833579286,0,0,1.4093628488481045,0.001126270741224289,,
22,3.2205101469123507,4.568186342716217,0.013608712004497647,0.018010049127042294,1.2031273245811462,13.999969139695168,0.28875055722892284,6.783266959246248,1.4381472691893578,0.21201395696638653,0,0,1.4381472691893578,0.00721294479444623,,
23,3.220507001940156,4.568155109882355,0.013777163694612682,0.01797574572265148,1.2093197703361511,14.002748638391495,0.29023675061762333,7.073503709863871,1.4667644575238228,0.20736038569941503,0,0,1.4667644575238228,0.005768985021859407,,
24,3.2204882942189577,4.568048000335693,0.013913798378780484,0.01792240748181939,1.207578957080841,14.005332604050636,0.2898189383558929,7.363322648219764,1.494118545204401,0.20291363241639726,0,0,1.494118545204401,-0.004683611448854208,,
25,3.2204903368297644,4.56803572177887,0.014766425010748208,0.017985012382268906,1.2104008197784424,14.008165776729584,0.2904961886815727,7.653818836901337,1.5228140577673912,0.19896134076563882,0,0,1.5228140577673912,-0.005170730408281088,,
26,3.220499642056773,4.568033576011658,0.014580750023014843,0.018154948484152555,1.2287225723266602,14.010934844613075,0.29489339841529727,7.948712235316634,1.5515413507819176,0.1951940521746561,0,0,1.5515413507819176,0.004011762328445911,,
27,3.2205169231926463,4.5679866671562195,0.01518900494556874,0.018166773486882448,1.2302539944648743,14.014371290802956,0.29526094580069184,8.243973181117326,1.5823124423623085,0.19193566107012272,0,0,1.5823124423623085,-0.006386477965861559,,
28,3.2205220783532535,4.568040907382965,0.015297061414457858,0.01806049281731248,1.2310922741889954,14.017500549554825,0.29546214640140533,8.539435327518731,1.612346913665533,0.18881188882237687,0,0,1.612346913665533,-0.004655731376260519,,
29,3.220518155243609,4.567983865737915,0.015833297511562705,0.01794642163440585,1.2333885431289673,14.020054414868355,0.29601323837414384,8.835448565892875,1.6366131901741028,0.18523260907110808,0,0,1.6366131901741028,0.010175027884542942,,
30,3.220523991274485,4.567964613437653,0.015370380831882358,0.018219237681478262,1.234111726284027,14.02268934249878,0.2961868289858103,9.131635394878685,1.6630202271044254,0.1821163630817891,0,0,1.6630202271044254,-0.0026483454275876284,,
31,3.2205182525107903,4.567939043045044,0.015505252406001091,0.017867179587483406,1.2311782836914062,14.0252515822649,0.295482789631933,9.427118184510618,1.689258486032486,0.17919139794045127,0,0,1.689258486032486,0.00021500034199561924,,
32,3.220519063070634,4.5678887367248535,0.01603701990097761,0.017959430813789368,1.2302313446998596,14.02790653705597,0.29525552643463016,9.722373710945249,1.7143988572061062,0.1763354205646194,0,0,1.7143988572061062,-0.0068772113882005215,,
33,3.220529924572543,4.56791228055954,0.01585927465930581,0.017885763198137283,1.2350987792015076,14.031053692102432,0.2964237234555185,10.018797434400767,1.7403519786894321,0.17370867013575372,0,0,1.7403519786894321,-0.0009183432557620108,,
34,3.220524736989542,4.567984104156494,0.015876427059993148,0.01786765269935131,1.234906256198883,14.033314853906631,0.2963774870149791,10.315174921415746,1.7622735425829887,0.17084281711249427,0,0,1.7622735425829887,-0.0035173287615180016,,
35,3.220515626296896,4.568039536476135,0.016356286825612187,0.017789896111935377,1.239417552947998,14.035642176866531,0.2974602095782757,10.612635130994022,1.7857929430902004,0.16827045507996916,0,0,1.7857929430902004,-0.00679824547842145,,
36,3.220533944949369,4.567996859550476,0.016696908976882696,0.01806031260639429,1.2331295013427734,14.038232997059822,0.29595107585191727,10.90858620684594,1.812668815255165,0.1661689957693524,0,0,1.812668815255165,-0.0005605455953627825,,
37,3.220523504938579,4.567964434623718,0.017082967795431614,0.01787767605856061,1.2374723553657532,14.040949553251266,0.29699335247278214,11.205579559318721,1.8371276706457138,0.16394758173108218,0,0,1.8371276706457138,0.004594429861754179,,
38,3.2205165665463147,4.567928850650787,0.018431282369419932,0.01822878234088421,1.2389461398124695,14.043224111199379,0.29734706971794367,11.502926629036665,1.8597298339009285,0.161674493272545,0,0,1.8597298339009285,0.004411034751683474,,
39,3.220519387294572,4.568016886711121,0.018376629799604416,0.01812389027327299,1.2398980855941772,14.045364320278168,0.29757555155083537,11.8005021805875,1.8818464986979961,0.15947173009243468,0,0,1.8818464986979961,-0.003902488388121128,,
40,3.2205165989687083,4.567957043647766,0.018421277636662126,0.017873736564069986,1.2419190406799316,14.047861605882645,0.29806056758388877,12.098562748171389,1.9085633233189583,0.15775124393244694,0,0,1.9085633233189583,-0.0006169460830278695,,
41,3.2205253530150233,4.5679848194122314,0.018517251359298825,0.01797672128304839,1.244066298007965,14.049711644649506,0.2985759084112942,12.397138656582683,1.9303124025464058,0.1557062848144628,0,0,1.9303124025464058,0.005987153388559818,,
42,3.2205395216010957,4.567986726760864,0.018440415151417255,0.018072333186864853,1.2435375452041626,14.052564233541489,0.29844899009913206,12.695587646681815,1.9567405469715595,0.15412760727801594,0,0,1.9567405469715595,0.003686551470309496,,
43,3.2205390028427954,4.5680007338523865,0.018354623578488827,0.018222535960376263,1.2491072416305542,14.055186316370964,0.2997857150621712,12.995373361743987,1.98203569278121,0.1525185646928629,0,0,1.98203569278121,0.005313691217452288,,
44,3.2205363117841137,4.568021774291992,0.01882114610634744,0.01842231908813119,1.2528088092803955,14.057473957538605,0.3006740999408066,13.296047461684793,2.0041442029178143,0.15073232918978394,0,0,2.0041442029178143,0.001207689754664898,,
45,3.2205277198497675,4.5679627656936646,0.019434174057096243,0.018003037199378014,1.2523986101150513,14.05939482152462,0.3005756684578955,13.596623130142689,2.022996511310339,0.14878668710213488,0,0,2.022996511310339,0.004992082715034485,,
46,3.2205342043285192,4.568044424057007,0.019103039521723986,0.018185248598456383,1.2672569751739502,14.061559692025185,0.3041416727937758,13.900764802936465,2.0426560156047344,0.14694558497767599,0,0,2.0426560156047344,-0.015119633637368679,,
47,3.2205493455864045,4.568100214004517,0.018909238511696458,0.01822350826114416,1.2701264023780823,14.063768923282623,0.3048303360119462,14.20559513894841,2.062833394855261,0.14521274009839336,0,0,2.062833394855261,-0.0003604351368267089,,
48,3.220547659621929,4.568077564239502,0.01779576879926026,0.018157158978283405,1.2699105739593506,14.066080078482628,0.30477854469791055,14.510373683646321,2.0847634114325047,0.14367399881520346,0,0,2.0847634114325047,-0.009901374578475952,,
49,3.220548145957835,4.5681586265563965,0.017783396178856492,0.017978853080421686,1.2708368301391602,14.068468734622002,0.3050008420832455,14.815374525729567,2.107984237372875,0.1422835604804886,0,0,2.107984237372875,0.016132233664393425,,
50,3.220558910192563,4.568129539489746,0.01750884880311787,0.01794661022722721,1.2727156281471252,14.07030962407589,0.30545174330472946,15.120826269034296,2.131381966173649,0.140956712831119,0,0,2.131381966173649,0.002729354426264763,b9f28f4f04b0880b97ba368084c24893a24f94f1d78132ac50bd6c4c98cddab1,True
51,3.220559461373257,4.568093538284302,0.01746131619438529,0.017783189192414284,1.2687745690345764,14.072403535246849,0.30450588278472424,15.42533215181902,2.1507397405803204,0.13942907156955817,0,0,2.1507397405803204,-0.003952024970203638,,
52,3.220553819876743,4.568151652812958,0.017558743944391608,0.017812011297792196,1.2700355052947998,14.07467582821846,0.3048085095360875,15.730140661355108,2.171925652772188,0.13807414056429326,0,0,2.171925652772188,-0.011034214869141579,,
53,3.220565491938496,4.568108260631561,0.017839135136455297,0.018208983354270458,1.271711528301239,14.076690346002579,0.3052107645198703,16.03535142587498,2.191632639616728,0.136675061332309,0,0,2.191632639616728,0.0007503812666982412,,
54,3.220564130197958,4.568160116672516,0.01788804493844509,0.01780482428148389,1.2733388543128967,14.078952923417091,0.30560131231322885,16.340952738188207,2.214179489761591,0.13549880017625895,0,0,2.214179489761591,0.004290483426302671,,
55,3.220564421999502,4.568195819854736,0.017770600970834494,0.01804829901084304,1.2729296684265137,14.080788224935532,0.30550312902778387,16.64645586721599,2.2337837368249893,0.13418974913597875,0,0,2.2337837368249893,-0.005847841035574675,,
56,3.220547919001079,4.5682061314582825,0.018344963435083628,0.01822938770055771,1.2723113894462585,14.08284018933773,0.30535472044721246,16.951810587663203,2.254876282066107,0.1330168403195217,0,0,2.254876282066107,-0.003825476625934243,,
57,3.220545617011122,4.568167746067047,0.018562959041446447,0.01801213249564171,1.2740132808685303,14.085125893354416,0.30576316406950355,17.257573751732707,2.277017656713724,0.13194309289768927,0,0,2.277017656713724,0.010380886495113373,,
58,3.2205349824659693,4.56808465719223,0.018899049842730165,0.018526792991906404,1.2737727165222168,14.08746862411499,0.3057054481469095,17.563279199879616,2.2957568876445293,0.13071345399213005,0,0,2.2957568876445293,0.009017220698297024,,
59,3.2205376735246514,4.568087220191956,0.019173305481672287,0.017906399443745613,1.2757766842842102,14.089623227715492,0.3061864054761827,17.8694656053558,2.3192399702966213,0.12978787511146242,0,0,2.3192399702966213,0.0036561163142323494,,
60,3.2205250612134795,4.568080425262451,0.019096263917163014,0.018213334493339062,1.2772900462150574,14.091047823429108,0.3065496110357344,18.176015216391534,2.3345171585679054,0.12843943684985792,0,0,2.3345171585679054,0.0039880103431642056,,
61,3.220540526695302,4.568162441253662,0.01856913394294679,0.01815450517460704,1.277829349040985,14.092826321721077,0.30667904391884804,18.48269426031038,2.35342675819993,0.12733136874170647,0,0,2.35342675819993,-0.0025653012562543154,,
62,3.220558002365538,4.568118989467621,0.018761852523311973,0.018116545397788286,1.278759241104126,14.095212176442146,0.30690221348777413,18.789596473798156,2.3742176853120327,0.12635809867565392,0,0,2.3742176853120327,-0.003983206115663052,,
63,3.2205694474705346,4.568116784095764,0.018712038174271584,0.01792547944933176,1.280202031135559,14.097613647580147,0.30724846897646785,19.096844942774624,2.3959132619202137,0.12546120938299773,0,0,2.3959132619202137,-0.0002129415952367708,,
64,3.2205662052311586,4.568113088607788,0.019092944217845798,0.0178546286188066,1.282062292098999,14.100076422095299,0.30769495526328683,19.40453989803791,2.416412092745304,0.12452818286041996,0,0,2.416412092745304,0.005312139168381691,,
65,3.220569512315322,4.56810075044632,0.019190779887139797,0.01811721036210656,1.2816015481948853,14.102227792143822,0.3075843737460673,19.712124271783978,2.4346020072698593,0.12350784591768407,0,0,2.4346020072698593,-0.008140609599649906,,
66,3.220588414570883,4.568122744560242,0.01947392080910504,0.01820677751675248,1.2903507947921753,14.10441118478775,0.30968419602140784,20.021808467805386,2.452607911080122,0.12249682215388973,0,0,2.452607911080122,0.01139716524630785,,
67,3.220581897669738,4.5680636167526245,0.019662286387756467,0.018000195734202862,1.2924995422363281,14.105855017900467,0.31019987585023046,20.332008343655616,2.4688289910554886,0.12142573174901036,0,0,2.4688289910554886,-0.0008140546269714832,,
68,3.220577974560093,4.568159461021423,0.020251629874110222,0.01805944973602891,1.2902299165725708,14.107904106378555,0.30965518672019243,20.64166353037581,2.487609189003706,0.12051398790329451,0,0,2.487609189003706,-0.002446545520797372,,
69,3.2205835187894256,4.568120002746582,0.020531695103272796,0.01790812285616994,1.2945975065231323,14.109839618206024,0.31070339726284146,20.95236692763865,2.5097363851964474,0.11978295310806573,0,0,2.5097363851964474,-0.01671990007162094,,
70,3.2205698041168658,4.568070411682129,0.021184766897931695,0.01838665595278144,1.2935453057289124,14.111473798751831,0.31045086216181517,21.262817789800465,2.529568437486887,0.11896675513535059,0,0,2.529568437486887,0.004379645921289921,,
71,3.2205859828913512,4.568145930767059,0.021745241014286876,0.01813164073973894,1.29086834192276,14.112879246473312,0.3098084242083132,21.57262621400878,2.5471235029399395,0.11807201764270021,0,0,2.5471235029399395,0.0012034241808578372,,
72,3.220597006505229,4.568125605583191,0.022088801255449653,0.017964442260563374,1.2924084663391113,14.114412397146225,0.3101780451834202,21.8828042591922,2.565644931048155,0.11724479644652035,0,0,2.565644931048155,-3.8943013350944966e-05,,
73,3.2205849129523574,4.5680872797966,0.022684581112116575,0.0179001921787858,1.2911798357963562,14.11667776107788,0.30988314328715205,22.19268740247935,2.5867305733263493,0.11655778889749266,0,0,2.5867305733263493,0.0006504043703898787,,
74,3.220601578062749,4.568088412284851,0.023132948204874992,0.01827153144404292,1.2933712005615234,14.11912813782692,0.31040907837450504,22.503096480853856,2.60476753115654,0.11575151594682179,0,0,2.60476753115654,-0.0056929755955934525,,
75,3.2206124071422644,4.568071007728577,0.022781466832384467,0.018061229493469,1.2949903011322021,14.121016472578049,0.31079768715426326,22.81389416800812,2.6226549297571182,0.11495866994222965,0,0,2.6226549297571182,0.0007348444196395576,,
76,3.2205996002967296,4.568109333515167,0.022591851884499192,0.01838769158348441,1.2925381660461426,14.122996598482132,0.31020915508270264,23.12410332309082,2.6413998529314995,0.11422712552463764,0,0,2.6413998529314995,0.001876029884442687,,
77,3.220586534072045,4.5681304931640625,0.022888079518452287,0.018286483827978373,1.293394148349762,14.125233680009842,0.310414582490921,23.434517905581743,2.6618468686938286,0.11358658537027998,0,0,2.6618468686938286,0.009916328825056553,,
78,3.220590586871265,4.568084001541138,0.02295755106024444,0.018327033147215843,1.294485092163086,14.127300649881363,0.3106764149852097,23.745194320566952,2.680520884692669,0.11288687927774999,0,0,2.680520884692669,-0.0017305719666182995,,
79,3.220577034310674,4.568120360374451,0.023205359000712633,0.017960763536393642,1.2952665090560913,14.129765748977661,0.3108639628626406,24.056058283429593,2.7036278508603573,0.11238864734221943,0,0,2.7036278508603573,0.0012384175788611174,,
80,3.2205729490890604,4.5680617690086365,0.02316501596942544,0.018134026788175106,1.294766366481781,14.131601065397263,0.3107439302839339,24.366802213713527,2.7240535467863083,0.11179364131962756,0,0,2.7240535467863083,-0.001868894323706627,,
81,3.2205723979083665,4.5679978132247925,0.02301222854293883,0.017896979115903378,1.2955451011657715,14.133106291294098,0.31093082996085286,24.67773304367438,2.7388007938861847,0.11098267369368874,0,0,2.7388007938861847,0.004405519459396601,,
82,3.2205827406519756,4.568021535873413,0.02307941415347159,0.01785468915477395,1.2958459854125977,14.134591221809387,0.3110030246898532,24.988736068364233,2.75411157310009,0.11021412069683222,0,0,2.75411157310009,0.009080919437110424,,
83,3.2205700310736223,4.568040907382965,0.023095979122444987,0.01839984767138958,1.295799195766449,14.136191189289093,0.31099179154261947,25.299727859906852,2.7714507542550564,0.10954468639352198,0,0,2.7714507542550564,0.0024486370384693146,,
84,3.2205816707129813,4.568101286888123,0.023724700324237347,0.01807088078930974,1.2973041534423828,14.137662321329117,0.31135299568995833,25.61108085559681,2.7874502949416637,0.10883766720577165,0,0,2.7874502949416637,-0.0013779941946268082,,
85,3.220580503506806,4.568045258522034,0.024299479788169265,0.018053026869893074,1.2984300255775452,14.139244854450226,0.31162320636212826,25.92270406195894,2.8012573271989822,0.10806192596665348,0,0,2.8012573271989822,0.0026320393662899733,,
86,3.220570063496016,4.56798791885376,0.02447657589800656,0.01789528736844659,1.3043580651283264,14.141138762235641,0.3130459254607558,26.235749987419695,2.819401226937771,0.10746409873129584,0,0,2.819401226937771,0.0035321542527526617,,
87,3.22056552436089,4.5679991245269775,0.024490131996572018,0.01798586407676339,1.3026360273361206,14.142621994018555,0.31263262405991554,26.54838261147961,2.83361978456378,0.1067341775968833,0,0,2.83361978456378,-0.00893350224941969,,
88,3.2205716846157038,4.56810450553894,0.02421107399277389,0.0180864748544991,1.304880142211914,14.144564807415009,0.3131712283939123,26.861553839873523,2.852968964725733,0.10621012402084704,0,0,2.852968964725733,-0.01454052422195673,,
89,3.2205972334619855,4.568139374256134,0.024284307612106204,0.018014770466834307,1.305899739265442,14.145841807126999,0.313415938988328,27.17496977886185,2.8680530823767185,0.1055402491968009,0,0,2.8680530823767185,-0.011796342208981514,,
90,3.2206044312334,4.568116545677185,0.02459175605326891,0.01808634866029024,1.3054115772247314,14.147837668657303,0.31329877488315105,27.488268553745,2.8856894336640835,0.1049789450369304,0,0,2.8856894336640835,-0.001137644168920815,,
91,3.220611661427208,4.568146467208862,0.024766107322648168,0.01799626974388957,1.303196668624878,14.14954149723053,0.3127671917900443,27.801035745535046,2.902073085308075,0.10438722901804315,0,0,2.902073085308075,-0.001205555279739201,,
92,3.220620610007885,4.568161964416504,0.0249058585613966,0.018115160521119833,1.3027364611625671,14.15153220295906,0.3126567406579852,28.11369248619303,2.91868232190609,0.1038171105890621,0,0,2.91868232190609,0.00763896107673645,,
93,3.2206133149692895,4.568098545074463,0.024987129028886557,0.018163808155804873,1.3045931458473206,14.153212189674377,0.3131023566238582,28.42679484281689,2.9358346424996853,0.10327701940134248,0,0,2.9358346424996853,5.4714899306418374e-05,,
94,3.2206180162163847,4.56813770532608,0.024919619783759117,0.01841034274548292,1.3061487674713135,14.154916912317276,0.31347568752244115,28.74027053033933,2.9527447558939457,0.10273893395599087,0,0,2.9527447558939457,-0.0033795798663049936,,
95,3.220603880052706,4.568074107170105,0.025598631473258138,0.018231872469186783,1.3055821061134338,14.156262576580048,0.3133396995253861,29.053610229864717,2.9692175835371017,0.10219788728647873,0,0,2.9692175835371017,0.005068405997008085,,
96,3.2205839402805445,4.56803286075592,0.02541987900622189,0.0182118508964777,1.3034992814064026,14.158194780349731,0.31283982284367085,29.366450052708387,2.9845538437366486,0.10163141402449799,0,0,2.9845538437366486,0.006721752230077982,,
97,3.2205866637616203,4.567990362644196,0.02540237456560135,0.018270413856953382,1.3030076622962952,14.160445034503937,0.3127218368463218,29.67917188955471,3.0034236386418343,0.10119634233119416,0,0,3.0034236386418343,0.007477109786123037,,
98,3.2205903599145085,4.568049967288971,0.025275759398937225,0.018166590481996536,1.3034160137176514,14.162323951721191,0.31281984131783247,29.99199173087254,3.0229850709438324,0.10079307496714175,0,0,3.0229850709438324,0.0015508730430155993,,
99,3.2205960338334165,4.568037927150726,0.025637873215600848,0.01816060347482562,1.3051539659500122,14.163778930902481,0.31323695136234164,30.305228682234883,3.039388343691826,0.10029253946773331,0,0,3.039388343691826,-0.005204483401030302,,
100,3.220608548877407,4.568093657493591,0.025636960985139012,0.018067145720124245,1.3043214678764343,14.165348559617996,0.31303716218099,30.618265844415873,3.0562810003757477,0.09981887987732163,0,0,3.0562810003757477,-0.0021045298781245947,d009465d4088eebaa183f4b984bd22ac1617160cb2dc54203db975ecb2d6dfaa,True
101,3.2205997624086984,4.568046391010284,0.02576673706062138,0.018043908290565014,1.304160714149475,14.166941970586777,0.312998556997627,30.9312644014135,3.070740409195423,0.09927626524879458,0,0,3.070740409195423,-0.004535702522844076,,
102,3.2206050148364875,4.568022906780243,0.025888715405017138,0.01808180706575513,1.30497407913208,14.168046683073044,0.31319378735497594,31.244458188768476,3.0854562669992447,0.09875211304218688,0,0,3.0854562669992447,-0.0012473680544644594,,
103,3.2206204803183103,4.5680171251297,0.026011575246229768,0.018088321201503277,1.3053221702575684,14.169598162174225,0.31327732326462865,31.557735512033105,3.1019685715436935,0.0982950304010502,0,0,3.1019685715436935,0.0007762439781799912,,
104,3.220627451132968,4.567939639091492,0.026484761852771044,0.017997931223362684,1.3057237267494202,14.171010971069336,0.31337368628010154,31.871109198313206,3.117043673992157,0.09780154354204372,0,0,3.117043673992157,0.0019011819968000054,,
105,3.2206545886765436,4.567997217178345,0.026960067683830857,0.018544136080890894,1.305446207523346,14.172622621059418,0.3133070822805166,32.18441628059372,3.1327725797891617,0.09733818232018196,0,0,3.1327725797891617,-0.000411398388678208,,
106,3.220659841104333,4.568032503128052,0.026516940211877227,0.017931008245795965,1.309826135635376,14.174266636371613,0.31435827258974314,32.498774553183466,3.1478863060474396,0.09686169245846184,0,0,3.1478863060474396,0.007686379831284285,,
107,3.220674690560674,4.568154692649841,0.026238695718348026,0.018097004387527704,1.310409128665924,14.175832718610764,0.3144982038065791,32.813272756990045,3.162387177348137,0.09637524427289482,0,0,3.162387177348137,-0.0008651540847495198,,
108,3.2206774788865373,4.568109095096588,0.026161663234233856,0.01816912880167365,1.310918927192688,14.177241057157516,0.3146205269731581,33.1278932839632,3.177965961396694,0.09593021609179753,0,0,3.177965961396694,0.0037479351740330458,,
109,3.2206623052062584,4.56809389591217,0.025874817045405507,0.018107579089701176,1.3103686571121216,14.178875476121902,0.3144884589128196,33.44238174287602,3.191443383693695,0.09543110321002925,0,0,3.191443383693695,-0.010934082791209221,,
110,3.220661527068808,4.568092346191406,0.02612297935411334,0.01788314525038004,1.3118209838867188,14.181128680706024,0.31483703292906284,33.757218775805086,3.2109661251306534,0.0951193919871137,0,0,3.2109661251306534,-0.015073779039084911,,
111,3.220659225078851,4.568132936954498,0.026173741556704044,0.01815518457442522,1.3092440366744995,14.183246970176697,0.3142185644246638,34.07143734022975,3.228822372853756,0.09476625070469917,0,0,3.228822372853756,0.0008986858301796019,,
112,3.220677219507387,4.568132758140564,0.02638985076919198,0.017885006498545408,1.3110485076904297,14.184744447469711,0.31465164199471474,34.386088982224464,3.243582062423229,0.09432832166809872,0,0,3.243582062423229,-0.00844596978276968,,
113,3.220670897140604,4.568119585514069,0.02617113688029349,0.017984976060688496,1.310873031616211,14.186549842357635,0.31460954528301954,34.700698527507484,3.2588858231902122,0.09391412742330754,0,0,3.2588858231902122,0.007536844816058874,,
114,3.220657636381557,4.568127512931824,0.026764814974740148,0.01803057035431266,1.3098307847976685,14.18830144405365,0.314359397161752,35.015057924669236,3.2750946432352066,0.09353389191247641,0,0,3.2750946432352066,0.0013774482067674398,,
115,3.220677381619356,4.568119823932648,0.027629795717075467,0.018125557340681553,1.3104175925254822,14.189971357584,0.3145002000965178,35.329558124765754,3.2896227911114693,0.09311248047581369,0,0,3.2896227911114693,-0.004036230500787497,,
116,3.220663115766102,4.568048417568207,0.028367262799292803,0.01807389035820961,1.3091513514518738,14.191761374473572,0.3141963370144367,35.64375446178019,3.3057219684123993,0.09274337168821371,0,0,3.3057219684123993,-0.005307062994688749,,
117,3.220674722983068,4.56810200214386,0.02855984610505402,0.018121205270290375,1.3095353841781616,14.1932692527771,0.3142884955741465,35.95804295735434,3.3221321552991867,0.09238912582753989,0,0,3.3221321552991867,0.004093021620064974,,
118,3.2207006608980744,4.568117260932922,0.02911621704697609,0.018028704915195704,1.309903860092163,14.19527193903923,0.31437690323218703,36.272419860586524,3.339845187962055,0.09207671285231858,0,0,3.339845187962055,0.008694869466125965,,
119,3.2206921662309096,4.568167209625244,0.028967497404664755,0.018246828112751245,1.3099620342254639,14.196286231279373,0.3143908898346126,36.58681075042114,3.3532126620411873,0.0916508597842871,0,0,3.3532126620411873,-0.005600640084594488,,
120,3.220699104623174,4.568135142326355,0.029679188271984458,0.018163561820983887,1.3105889558792114,14.19758477807045,0.3145413608290255,36.90135211125016,3.3667751103639603,0.0912371747304467,0,0,3.3667751103639603,-0.0024569679517298937,,
121,3.2206975807706675,4.568078875541687,0.03000633348710835,0.017843409907072783,1.3097888231277466,14.199143826961517,0.3143493155948818,37.215701426845044,3.379821576178074,0.09081708651445689,0,0,3.379821576178074,-0.0004647172463592142,,
122,3.2206964784092795,4.568051517009735,0.03002307447604835,0.017911257687956095,1.3095357418060303,14.200715869665146,0.3142885719425976,37.52998999878764,3.3934496641159058,0.09041967941439463,0,0,3.3934496641159058,-0.003449724055826664,,
123,3.220693171325116,4.56802237033844,0.029997442150488496,0.01805794145911932,1.3105215430259705,14.202212154865265,0.31452516419813037,37.84451516298577,3.407867304980755,0.09004917331623699,0,0,3.407867304980755,0.007465702015906572,,
124,3.2206872380270584,4.5680320262908936,0.03075478784739971,0.018246580380946398,1.3101667165756226,14.203675121068954,0.3144400171004236,38.158955180086195,3.4201652854681015,0.08962942694125112,0,0,3.4201652854681015,-0.0007671437342651188,,
125,3.2206795863421314,4.567996561527252,0.031108556780964136,0.01801881566643715,1.3110825419425964,14.205279618501663,0.31465980457141995,38.473614984657615,3.436551921069622,0.0893223036733083,0,0,3.436551921069622,0.004466185346245766,,
126,3.220675144474187,4.567950010299683,0.0315617430023849,0.018188241869211197,1.3144914507865906,14.206360191106796,0.31547794630751014,38.789092930965126,3.451170690357685,0.08897270932578433,0,0,3.451170690357685,-0.004294259939342737,,
127,3.2206660013591466,4.567936897277832,0.0314310728572309,0.018183443695306778,1.3142739534378052,14.207603931427002,0.31542573822662234,39.10451866919175,3.465759113430977,0.08862809801470245,0,0,3.465759113430977,0.003903279546648264,,
128,3.220672161613961,4.567981243133545,0.03163593029603362,0.01815896714106202,1.3138040900230408,14.209113836288452,0.3153129839338362,39.419831653125584,3.4833432510495186,0.0883652492912977,0,0,3.4833432510495186,0.0006488470826297998,,
129,3.220684871192314,4.568066418170929,0.03183304984122515,0.018317322246730328,1.3158764243125916,14.210758954286575,0.3158103460446,39.735641999170184,3.4968568459153175,0.0880030287666739,0,0,3.4968568459153175,-0.000747114303521812,,
130,3.220661851292746,4.5680131912231445,0.03239948535338044,0.018017448019236326,1.3163552284240723,14.212024748325348,0.3159252372570336,40.05156723642722,3.5083574280142784,0.08759600859821814,0,0,3.5083574280142784,-0.007126260083168745,,
131,3.2206655150232404,4.567966401576996,0.032736494205892086,0.01810847409069538,1.3132322430610657,14.213930040597916,0.31517574191093445,40.36674297833815,3.5244751274585724,0.08731135750411695,0,0,3.5244751274585724,0.0003151744313072413,,
132,3.2206791648510125,4.568067789077759,0.033049782272428274,0.017982610501348972,1.3131957054138184,14.21527886390686,0.3151669707149267,40.68190994905308,3.536706365644932,0.08693560282872526,0,0,3.536706365644932,-0.0032483809627592564,,
133,3.2206913880934596,4.568025708198547,0.033505847211927176,0.018070231191813946,1.3143255710601807,14.216840744018555,0.31543813133612275,40.9973480803892,3.5517784655094147,0.08663434665444365,0,0,3.5517784655094147,-0.005832309368997812,,
134,3.2206973213915173,4.567984521389008,0.034215828869491816,0.018015856854617596,1.3135504722595215,14.218549340963364,0.31525212805718184,41.31260020844638,3.5674066469073296,0.08635153993957236,0,0,3.5674066469073296,-0.001083130482584238,,
135,3.2206897993961654,4.5679086446762085,0.03425304824486375,0.018121293745934963,1.3140518069267273,14.219901531934738,0.3153724307194352,41.62797263916582,3.58158528059721,0.08603794644631281,0,0,3.58158528059721,0.009399449452757835,,
136,3.2206901560424965,4.567919671535492,0.033633336424827576,0.01812400994822383,1.313202977180481,14.221583247184753,0.31516870530322194,41.94314134446904,3.597366414964199,0.08576769168097827,0,0,3.597366414964199,0.0054477485828101635,,
137,3.2206941115745353,4.567920446395874,0.03406833345070481,0.018184234388172626,1.3134474754333496,14.223021805286407,0.31522740656509995,42.25836875103414,3.610487073659897,0.08543839197700824,0,0,3.610487073659897,0.004476713482290506,,
138,3.220700887854831,4.567924857139587,0.03423820808529854,0.018218498211354017,1.3129109740257263,14.224730283021927,0.31509863724932075,42.57346738828346,3.6278755143284798,0.08521447128656505,0,0,3.6278755143284798,0.012595509178936481,,
139,3.220697126857155,4.567910015583038,0.03478724183514714,0.017884750850498676,1.3137714862823486,14.226189345121384,0.31530515430495143,42.88877254258841,3.6433199420571327,0.08494810473858264,0,0,3.6433199420571327,0.0031884973868727684,,
140,3.220704324628569,4.567951738834381,0.035033993888646364,0.01806544978171587,1.313310980796814,14.227634310722351,0.31519462121650577,43.20396716380492,3.6539698466658592,0.08457486861824505,0,0,3.6539698466658592,0.001711311750113964,,
141,3.2207198549551794,4.567963004112244,0.03503749705851078,0.017934303265064955,1.312921941280365,14.229028671979904,0.3151012668386102,43.51906843064353,3.6683816984295845,0.08429366323122957,0,0,3.6683816984295845,-0.00378061062656343,,
142,3.2207172611636787,4.5679614543914795,0.0350207076407969,0.017983608413487673,1.3132884502410889,14.230281323194504,0.31518921395763755,43.834257644601166,3.6801869720220566,0.08395686775079313,0,0,3.6801869720220566,-0.014283225871622562,,
143,3.2207197252656043,4.5679240226745605,0.035362431313842535,0.018357664812356234,1.3143261671066284,14.23128193616867,0.3154382719658315,44.149695916567,3.6913707479834557,0.08361033233296176,0,0,3.6913707479834557,-0.0026053900364786386,,
144,3.220709414944389,4.567835450172424,0.035334950778633356,0.01809715572744608,1.3142329454421997,14.23198714852333,0.3154159006662667,44.465111817233264,3.7020769342780113,0.08325801472162543,0,0,3.7020769342780113,0.006844772957265377,,
145,3.2207161912246844,4.567896366119385,0.03559239348396659,0.01807622518390417,1.3136661648750305,14.233130127191544,0.3152798586525023,44.78039167588577,3.7134730219841003,0.08292631848469789,0,0,3.7134730219841003,0.0053970287553966045,,
146,3.22069803468418,4.567819952964783,0.03581530461087823,0.01805978361517191,1.3170653581619263,14.234166294336319,0.31609569722786546,45.09648737311363,3.7280283123254776,0.08266782025573087,0,0,3.7280283123254776,-0.005586291663348675,,
147,3.2206926525668162,4.567743182182312,0.03562766360118985,0.017921702936291695,1.3169828653335571,14.235727697610855,0.31607586424797773,45.41256323736161,3.740704409778118,0.08237157612588802,0,0,3.740704409778118,-0.005934503860771656,,
148,3.22068759467339,4.567797780036926,0.03614055039361119,0.01837250217795372,1.3165318369865417,14.236895114183426,0.3159676417708397,45.72853087913245,3.7537177577614784,0.0820869965773239,0,0,3.7537177577614784,-0.0014670887030661106,,
149,3.220687302871846,4.567813456058502,0.03674497455358505,0.018057720735669136,1.3175750374794006,14.238255083560944,0.31621799152344465,46.044748870655894,3.766304589807987,0.08179661486237692,0,0,3.766304589807987,-0.006122909020632505,,
150,3.220687691940571,4.567868649959564,0.0364114660769701,0.018239025492221117,1.3191832304000854,14.239576816558838,0.31660398188978434,46.36135285254568,3.7793909534811974,0.08152029052089214,0,0,3.7793909534811974,-0.01162387989461422,f94acc0d54430ce92e0623e0d8054c6b7c2bdab204d449d00b16b1f3dc46e4a0,True
151,3.220687691940571,4.567868649959564,0.0364114660769701,0.0,1.3191832304000854,14.239576816558838,0.31660398188978434,46.36135285254568,3.7793909534811974,0.08152029052089214,0,0,,,,
